name,address,email
Acme Corporation,789 Business Ave Suite 100,contact@acme.com
Tech Solutions Ltd,456 Innovation Drive,info@techsolutions.com
Global Trade Inc,321 Commerce Street,hello@globaltrade.com
Premier Services,555 Enterprise Blvd,support@premierservices.com
Digital Dynamics,999 Tech Park Lane,sales@digitaldynamics.com
Stellar Coffee Co,234 Main Street Downtown,orders@stellarcoffee.com
Harmony Wellness Spa,1200 Sunset Boulevard,relax@harmonywellness.com
Metro Fashion Boutique,88 Style Avenue,shop@metrofashion.com
BlueSky Airlines,5000 Airport Terminal Road,bookings@blueskyair.com
GreenLeaf Organic Foods,777 Farmers Market Plaza,fresh@greenleaforganic.com
TechNova Software,3456 Silicon Valley Way,hello@technova.io
Atlas Construction Group,1500 Industrial Park East,projects@atlasconstruction.com
Sunset Real Estate,900 Property Lane Suite 200,homes@sunsetrealestate.com
Quantum Analytics,2100 Data Center Drive,insights@quantumanalytics.com
Blossom Floral Design,45 Garden Street,flowers@blossomfloraldesign.com
Urban Coffee Roasters,678 Artisan District,brew@urbancoffeeroasters.com
Peak Performance Gym,1111 Fitness Boulevard,train@peakperformance.com
Crimson Media Agency,3300 Creative Hub Road,ideas@crimsonmedia.com
Valley Auto Repair,555 Mechanic Street,service@valleyautorepair.com
Bright Minds Academy,2000 Education Avenue,enroll@brightmindsacademy.com
